/*
MySQL Data Transfer
Source Host: localhost
Source Database: zhou
Target Host: localhost
Target Database: zhou
Date: 2019/12/6 16:27:11
*/

SET FOREIGN_KEY_CHECKS=0;
-- ----------------------------
-- Table structure for zz_admin
-- ----------------------------
CREATE TABLE `zz_admin` (
  `id` int(10) NOT NULL AUTO_INCREMENT,
  `admin_name` varchar(20) CHARACTER SET utf8 COLLATE utf8_unicode_ci NOT NULL,
  `admin_pass` varchar(32) CHARACTER SET utf8 COLLATE utf8_unicode_ci NOT NULL,
  `login_time` int(50) NOT NULL,
  `login_ip` varchar(20) CHARACTER SET utf8 COLLATE utf8_unicode_ci NOT NULL,
  `admin_roleid` varchar(100) CHARACTER SET utf8 COLLATE utf8_unicode_ci NOT NULL,
  `add_time` int(50) NOT NULL,
  `status` enum('1','2') NOT NULL DEFAULT '1' COMMENT '1:启用,2:停用',
  PRIMARY KEY (`id`)
) ENGINE=MyISAM AUTO_INCREMENT=4 DEFAULT CHARSET=utf8;

-- ----------------------------
-- Table structure for zz_article
-- ----------------------------
CREATE TABLE `zz_article` (
  `id` int(10) NOT NULL AUTO_INCREMENT,
  `title` varchar(80) CHARACTER SET utf8mb4 COLLATE utf8mb4_unicode_ci NOT NULL,
  `content` text CHARACTER SET utf8 COLLATE utf8_unicode_ci NOT NULL,
  `author` varchar(20) CHARACTER SET utf8 COLLATE utf8_unicode_ci NOT NULL,
  `update_time` int(50) NOT NULL,
  `status` enum('1','2') NOT NULL DEFAULT '2' COMMENT '1:发布，2:下架',
  PRIMARY KEY (`id`)
) ENGINE=MyISAM AUTO_INCREMENT=5 DEFAULT CHARSET=utf8;

-- ----------------------------
-- Table structure for zz_auth
-- ----------------------------
CREATE TABLE `zz_auth` (
  `id` int(11) NOT NULL AUTO_INCREMENT,
  `auth_name` varchar(30) CHARACTER SET utf8 COLLATE utf8_unicode_ci NOT NULL,
  `pid` int(10) NOT NULL,
  `auth_m` varchar(30) CHARACTER SET utf8 COLLATE utf8_unicode_ci NOT NULL,
  `auth_c` varchar(30) CHARACTER SET utf8 COLLATE utf8_unicode_ci NOT NULL,
  `auth_f` varchar(30) CHARACTER SET utf8 COLLATE utf8_unicode_ci NOT NULL,
  `ids_path` varchar(100) CHARACTER SET utf8 COLLATE utf8_unicode_ci NOT NULL,
  `create_time` int(11) NOT NULL,
  PRIMARY KEY (`id`)
) ENGINE=MyISAM AUTO_INCREMENT=137 DEFAULT CHARSET=utf8;

-- ----------------------------
-- Table structure for zz_order
-- ----------------------------
CREATE TABLE `zz_order` (
  `id` int(10) NOT NULL AUTO_INCREMENT,
  `order_id` varchar(20) CHARACTER SET utf8 COLLATE utf8_unicode_ci NOT NULL COMMENT '订单号',
  `paly_date` date NOT NULL COMMENT '游玩日期',
  `tickets_num` int(10) NOT NULL COMMENT '门票数量',
  `tickets_unit` int(10) NOT NULL COMMENT '门票单价',
  `user_name` varchar(12) CHARACTER SET utf8 COLLATE utf8_unicode_ci NOT NULL COMMENT '订单姓名',
  `user_phone` varchar(30) NOT NULL COMMENT '用户手机号',
  `user_iacard` varchar(40) NOT NULL COMMENT '用户身份证号',
  `user_note` varchar(150) CHARACTER SET utf8 COLLATE utf8_unicode_ci NOT NULL COMMENT '备注',
  `tickets_total` int(20) unsigned zerofill NOT NULL COMMENT '订单总价',
  `order_user` varchar(50) NOT NULL,
  `create_time` int(50) NOT NULL,
  `product_name` varchar(50) CHARACTER SET utf8 COLLATE utf8_unicode_ci NOT NULL,
  PRIMARY KEY (`id`)
) ENGINE=MyISAM AUTO_INCREMENT=4 DEFAULT CHARSET=utf8;

-- ----------------------------
-- Table structure for zz_product
-- ----------------------------
CREATE TABLE `zz_product` (
  `id` int(10) NOT NULL AUTO_INCREMENT,
  `product_name` varchar(50) CHARACTER SET utf8 COLLATE utf8_unicode_ci NOT NULL,
  `product_describe` varchar(100) CHARACTER SET utf8 COLLATE utf8_unicode_ci NOT NULL,
  `product_price` int(10) NOT NULL,
  `status` enum('1','2') NOT NULL DEFAULT '2' COMMENT '1:发布,2:下架',
  `product_url` varchar(100) CHARACTER SET utf8 COLLATE utf8_unicode_ci NOT NULL,
  `update_time` int(50) NOT NULL,
  PRIMARY KEY (`id`)
) ENGINE=MyISAM AUTO_INCREMENT=5 DEFAULT CHARSET=utf8;

-- ----------------------------
-- Table structure for zz_role
-- ----------------------------
CREATE TABLE `zz_role` (
  `id` int(10) NOT NULL AUTO_INCREMENT,
  `role_name` varchar(50) CHARACTER SET utf8 COLLATE utf8_unicode_ci NOT NULL,
  `create_time` int(20) NOT NULL,
  PRIMARY KEY (`id`)
) ENGINE=MyISAM AUTO_INCREMENT=4 DEFAULT CHARSET=utf8;

-- ----------------------------
-- Table structure for zz_role_auth
-- ----------------------------
CREATE TABLE `zz_role_auth` (
  `role_id` int(10) NOT NULL COMMENT '角色id',
  `auth_id` int(10) NOT NULL COMMENT '权限id'
) ENGINE=MyISAM DEFAULT CHARSET=utf8;

-- ----------------------------
-- Table structure for zz_user
-- ----------------------------
CREATE TABLE `zz_user` (
  `id` int(10) NOT NULL AUTO_INCREMENT,
  `user_name` varchar(50) CHARACTER SET utf8 COLLATE utf8_unicode_ci NOT NULL DEFAULT '' COMMENT '用户名',
  `user_password` varchar(32) CHARACTER SET utf8 COLLATE utf8_unicode_ci NOT NULL DEFAULT '' COMMENT '密码',
  `user_email` varchar(50) CHARACTER SET utf8 COLLATE utf8_unicode_ci NOT NULL DEFAULT '' COMMENT '箱邮',
  `create_time` int(50) NOT NULL COMMENT '创建时间',
  `status` enum('1','2') NOT NULL DEFAULT '1' COMMENT '1：启用 2停用',
  PRIMARY KEY (`id`)
) ENGINE=MyISAM AUTO_INCREMENT=3 DEFAULT CHARSET=utf8;

-- ----------------------------
-- Records 
-- ----------------------------
INSERT INTO `zz_admin` VALUES ('1', 'admin', '8cc6fd5310fd2fe94ecbca1704faa21b', '1575620784', '127.0.0.1', '1', '1575616998', '1');
INSERT INTO `zz_admin` VALUES ('2', 'zhangsan', '8cc6fd5310fd2fe94ecbca1704faa21b', '1575620754', '127.0.0.1', '2', '1575620734', '1');
INSERT INTO `zz_admin` VALUES ('3', 'lisi', '8cc6fd5310fd2fe94ecbca1704faa21b', '1575620766', '127.0.0.1', '3', '1575620743', '1');
INSERT INTO `zz_article` VALUES ('1', '生活｜小院小巷生活美，闲来水乡晒暖阳', '<p><img src=\"/ueditor/php/upload/image/20191206/1575617198172729.gif\" title=\"1575617198172729.gif\" alt=\"zx1.gif\"/></p><p><span style=\"color: rgb(89, 89, 89); font-family: Optima-Regular, PingFangTC-light; font-size: 14px; letter-spacing: 1px; text-align: center; background-color: rgb(255, 255, 255);\">&nbsp; &nbsp; &nbsp; &nbsp; &nbsp; &nbsp; &nbsp; &nbsp; &nbsp; &nbsp; &nbsp; &nbsp; &nbsp; &nbsp; &nbsp; &nbsp; &nbsp; &nbsp; &nbsp; &nbsp; &nbsp; &nbsp; &nbsp; &nbsp; &nbsp;江南人的生活平和静美，</span></p><section style=\"margin: 0px; padding: 0px; max-width: 100%; color: rgb(51, 51, 51); font-family: -apple-system-font, BlinkMacSystemFont, &quot;Helvetica Neue&quot;, &quot;PingFang SC&quot;, &quot;Hiragino Sans GB&quot;, &quot;Microsoft YaHei UI&quot;, &quot;Microsoft YaHei&quot;, Arial, sans-serif; letter-spacing: 0.544px; white-space: normal; background-color: rgb(255, 255, 255); text-align: left; line-height: 2em; box-sizing: border-box !important; overflow-wrap: break-word !important;\"><span style=\"margin: 0px; padding: 0px; max-width: 100%; box-sizing: border-box !important; word-wrap: break-word !important; color: rgb(89, 89, 89); font-size: 14px; font-family: Optima-Regular, PingFangTC-light; letter-spacing: 1px;\">&nbsp; &nbsp; &nbsp; &nbsp; &nbsp; &nbsp; &nbsp; &nbsp; &nbsp; &nbsp; &nbsp; &nbsp; &nbsp; &nbsp; &nbsp; &nbsp; &nbsp; &nbsp; &nbsp; &nbsp; &nbsp; &nbsp; &nbsp; 日子不动声色地温良雅致着。</span></section><section style=\"margin: 0px; padding: 0px; max-width: 100%; color: rgb(51, 51, 51); font-family: -apple-system-font, BlinkMacSystemFont, &quot;Helvetica Neue&quot;, &quot;PingFang SC&quot;, &quot;Hiragino Sans GB&quot;, &quot;Microsoft YaHei UI&quot;, &quot;Microsoft YaHei&quot;, Arial, sans-serif; letter-spacing: 0.544px; white-space: normal; background-color: rgb(255, 255, 255); text-align: left; line-height: 2em; box-sizing: border-box !important; overflow-wrap: break-word !important;\"><span style=\"margin: 0px; padding: 0px; max-width: 100%; box-sizing: border-box !important; word-wrap: break-word !important; color: rgb(89, 89, 89); font-size: 14px; font-family: Optima-Regular, PingFangTC-light; letter-spacing: 1px;\">&nbsp; &nbsp; &nbsp; &nbsp; &nbsp; &nbsp; &nbsp; &nbsp; &nbsp; &nbsp; &nbsp; &nbsp; &nbsp; &nbsp; &nbsp; &nbsp; &nbsp; &nbsp; &nbsp; &nbsp; &nbsp; &nbsp; &nbsp; &nbsp; &nbsp; 一方庭院，一条巷弄，</span></section><section style=\"margin: 0px; padding: 0px; max-width: 100%; color: rgb(51, 51, 51); font-family: -apple-system-font, BlinkMacSystemFont, &quot;Helvetica Neue&quot;, &quot;PingFang SC&quot;, &quot;Hiragino Sans GB&quot;, &quot;Microsoft YaHei UI&quot;, &quot;Microsoft YaHei&quot;, Arial, sans-serif; letter-spacing: 0.544px; white-space: normal; background-color: rgb(255, 255, 255); text-align: left; line-height: 2em; box-sizing: border-box !important; overflow-wrap: break-word !important;\"><span style=\"margin: 0px; padding: 0px; max-width: 100%; box-sizing: border-box !important; word-wrap: break-word !important; color: rgb(89, 89, 89); font-size: 14px; font-family: Optima-Regular, PingFangTC-light; letter-spacing: 1px;\">&nbsp; &nbsp; &nbsp; &nbsp; &nbsp; &nbsp; &nbsp; &nbsp; &nbsp; &nbsp; &nbsp; &nbsp; &nbsp; &nbsp; &nbsp; &nbsp; &nbsp; &nbsp; &nbsp; &nbsp; &nbsp; &nbsp; &nbsp; &nbsp; &nbsp;生活透出质朴寻常的美。</span></section><section style=\"margin: 0px; padding: 0px; max-width: 100%; color: rgb(51, 51, 51); font-family: -apple-system-font, BlinkMacSystemFont, &quot;Helvetica Neue&quot;, &quot;PingFang SC&quot;, &quot;Hiragino Sans GB&quot;, &quot;Microsoft YaHei UI&quot;, &quot;Microsoft YaHei&quot;, Arial, sans-serif; letter-spacing: 0.544px; white-space: normal; background-color: rgb(255, 255, 255); text-align: left; line-height: 2em; box-sizing: border-box !important; overflow-wrap: break-word !important;\"><span style=\"margin: 0px; padding: 0px; max-width: 100%; box-sizing: border-box !important; word-wrap: break-word !important; color: rgb(89, 89, 89); font-size: 14px; font-family: Optima-Regular, PingFangTC-light; letter-spacing: 1px;\">&nbsp; &nbsp; &nbsp; &nbsp; &nbsp; &nbsp; &nbsp; &nbsp; &nbsp; &nbsp; &nbsp; &nbsp; &nbsp; &nbsp; &nbsp; &nbsp; &nbsp; &nbsp; &nbsp; &nbsp; &nbsp; 初冬来周庄，何妨闲坐小院晒暖阳，</span></section><section style=\"margin: 0px; padding: 0px; max-width: 100%; color: rgb(51, 51, 51); font-family: -apple-system-font, BlinkMacSystemFont, &quot;Helvetica Neue&quot;, &quot;PingFang SC&quot;, &quot;Hiragino Sans GB&quot;, &quot;Microsoft YaHei UI&quot;, &quot;Microsoft YaHei&quot;, Arial, sans-serif; letter-spacing: 0.544px; white-space: normal; background-color: rgb(255, 255, 255); text-align: left; line-height: 2em; box-sizing: border-box !important; overflow-wrap: break-word !important;\"><span style=\"margin: 0px; padding: 0px; max-width: 100%; box-sizing: border-box !important; word-wrap: break-word !important; color: rgb(89, 89, 89); font-size: 14px; font-family: Optima-Regular, PingFangTC-light; letter-spacing: 1px;\">&nbsp;&nbsp;&nbsp;&nbsp;&nbsp;&nbsp;&nbsp;&nbsp;&nbsp;&nbsp;&nbsp;&nbsp;&nbsp;&nbsp;&nbsp;&nbsp;&nbsp;&nbsp;&nbsp;&nbsp;&nbsp;&nbsp;&nbsp;&nbsp;&nbsp;&nbsp;&nbsp;&nbsp;&nbsp;&nbsp;&nbsp;&nbsp;&nbsp;&nbsp;&nbsp;&nbsp;&nbsp;&nbsp;&nbsp;&nbsp;&nbsp;&nbsp;&nbsp;&nbsp;淡看光影变换，慢弄庭前花木，</span></section><section style=\"margin: 0px; padding: 0px; max-width: 100%; color: rgb(51, 51, 51); font-family: -apple-system-font, BlinkMacSystemFont, &quot;Helvetica Neue&quot;, &quot;PingFang SC&quot;, &quot;Hiragino Sans GB&quot;, &quot;Microsoft YaHei UI&quot;, &quot;Microsoft YaHei&quot;, Arial, sans-serif; letter-spacing: 0.544px; white-space: normal; background-color: rgb(255, 255, 255); text-align: left; line-height: 2em; box-sizing: border-box !important; overflow-wrap: break-word !important;\"><span style=\"margin: 0px; padding: 0px; max-width: 100%; box-sizing: border-box !important; word-wrap: break-word !important; color: rgb(89, 89, 89); font-size: 14px; font-family: Optima-Regular, PingFangTC-light; letter-spacing: 1px;\">&nbsp;&nbsp;&nbsp;&nbsp;&nbsp;&nbsp;&nbsp;&nbsp;&nbsp;&nbsp;&nbsp;&nbsp;&nbsp;&nbsp;&nbsp;&nbsp;&nbsp;&nbsp;&nbsp;&nbsp;&nbsp;&nbsp;&nbsp;&nbsp;&nbsp;&nbsp;&nbsp;&nbsp;&nbsp;&nbsp;&nbsp;&nbsp;&nbsp;&nbsp;&nbsp;&nbsp;&nbsp;&nbsp;&nbsp;&nbsp;&nbsp;&nbsp;&nbsp;&nbsp;沉醉在水乡生活的舒适安闲里。</span></section><section style=\"margin: 0px; padding: 0px; max-width: 100%; color: rgb(51, 51, 51); font-family: -apple-system-font, BlinkMacSystemFont, &quot;Helvetica Neue&quot;, &quot;PingFang SC&quot;, &quot;Hiragino Sans GB&quot;, &quot;Microsoft YaHei UI&quot;, &quot;Microsoft YaHei&quot;, Arial, sans-serif; letter-spacing: 0.544px; white-space: normal; background-color: rgb(255, 255, 255); text-align: left; line-height: 2em; box-sizing: border-box !important; overflow-wrap: break-word !important;\"><span style=\"margin: 0px; padding: 0px; max-width: 100%; box-sizing: border-box !important; word-wrap: break-word !important; color: rgb(89, 89, 89); font-size: 14px; font-family: Optima-Regular, PingFangTC-light; letter-spacing: 1px;\"><br/></span></section><p><span style=\"text-align: justify; font-size: 0px; background-color: rgba(254, 255, 255, 0); color: rgb(51, 51, 51); font-family: -apple-system-font, BlinkMacSystemFont, &quot;Helvetica Neue&quot;, &quot;PingFang SC&quot;, &quot;Hiragino Sans GB&quot;, &quot;Microsoft YaHei UI&quot;, &quot;Microsoft YaHei&quot;, Arial, sans-serif; letter-spacing: 0.544px;\">&nbsp; &nbsp; &nbsp; &nbsp;</span><span style=\"text-align: justify; font-size: 0px; color: rgb(51, 51, 51); font-family: -apple-system-font, BlinkMacSystemFont, &quot;Helvetica Neue&quot;, &quot;PingFang SC&quot;, &quot;Hiragino Sans GB&quot;, &quot;Microsoft YaHei UI&quot;, &quot;Microsoft YaHei&quot;, Arial, sans-serif; letter-spacing: 0.544px; background-color: rgba(254, 255, 255, 0);\">&nbsp; &nbsp; &nbsp;</span><strong style=\"text-align: justify; font-family: Optima-Regular, PingFangTC-light; color: rgb(204, 141, 39); letter-spacing: 2px; background-color: rgba(255, 255, 255, 0); margin: 0px; padding: 0px; max-width: 100%; box-sizing: border-box; overflow-wrap: break-word !important;\">&nbsp; &nbsp; &nbsp; &nbsp; &nbsp; &nbsp; &nbsp; &nbsp; &nbsp; &nbsp; &nbsp; &nbsp; &nbsp; &nbsp; &nbsp; &nbsp; &nbsp; &nbsp; &nbsp; &nbsp; &nbsp; &nbsp; 香村&nbsp; &nbsp; &nbsp; &nbsp; &nbsp; &nbsp; &nbsp; &nbsp;</strong><br/></p><p><br/></p><section style=\"margin: 0px; padding: 0px; max-width: 100%; color: rgb(51, 51, 51); font-family: -apple-system-font, BlinkMacSystemFont, &quot;Helvetica Neue&quot;, &quot;PingFang SC&quot;, &quot;Hiragino Sans GB&quot;, &quot;Microsoft YaHei UI&quot;, &quot;Microsoft YaHei&quot;, Arial, sans-serif; letter-spacing: 0.544px; white-space: normal; background-color: rgb(255, 255, 255); text-align: left; line-height: 2em; box-sizing: border-box !important; overflow-wrap: break-word !important;\"><span style=\"margin: 0px; padding: 0px; max-width: 100%; box-sizing: border-box !important; word-wrap: break-word !important; background-color: rgb(201, 148, 12); font-family: Optima-Regular, PingFangTC-light; letter-spacing: 2px;\"><strong style=\"margin: 0px; padding: 0px; max-width: 100%; box-sizing: border-box !important; word-wrap: break-word !important;\"><span style=\"margin: 0px; padding: 0px; max-width: 100%; font-size: 15px; color: rgb(255, 255, 255); box-sizing: border-box !important; overflow-wrap: break-word !important;\">&nbsp; &nbsp; &nbsp; &nbsp; &nbsp; &nbsp; &nbsp; &nbsp; &nbsp; &nbsp; &nbsp; &nbsp; &nbsp; &nbsp; &nbsp; &nbsp; &nbsp; &nbsp; &nbsp; &nbsp;引人幽思怀旧的暖阳&nbsp; &nbsp; &nbsp; &nbsp; &nbsp; &nbsp; &nbsp; &nbsp; &nbsp; &nbsp; &nbsp; &nbsp; &nbsp; &nbsp; &nbsp; &nbsp; &nbsp; &nbsp; &nbsp; &nbsp; &nbsp; &nbsp; &nbsp;</span></strong></span></section><section style=\"margin: 0px; padding: 0px; max-width: 100%; color: rgb(51, 51, 51); font-family: -apple-system-font, BlinkMacSystemFont, &quot;Helvetica Neue&quot;, &quot;PingFang SC&quot;, &quot;Hiragino Sans GB&quot;, &quot;Microsoft YaHei UI&quot;, &quot;Microsoft YaHei&quot;, Arial, sans-serif; letter-spacing: 0.544px; white-space: normal; background-color: rgb(255, 255, 255); text-align: left; line-height: 2em; box-sizing: border-box !important; overflow-wrap: break-word !important;\"><span style=\"margin: 0px; padding: 0px; max-width: 100%; box-sizing: border-box !important; word-wrap: break-word !important; background-color: rgb(201, 148, 12); font-family: Optima-Regular, PingFangTC-light; letter-spacing: 2px;\"><strong style=\"margin: 0px; padding: 0px; max-width: 100%; box-sizing: border-box !important; word-wrap: break-word !important;\"><span style=\"margin: 0px; padding: 0px; max-width: 100%; font-size: 15px; color: rgb(255, 255, 255); box-sizing: border-box !important; overflow-wrap: break-word !important;\"><strong style=\"margin: 0px; padding: 0px; max-width: 100%; color: rgb(89, 89, 89); font-family: Optima-Regular, PingFangTC-light; font-size: 14px; letter-spacing: 1px; text-align: justify; white-space: normal; background-color: rgb(255, 255, 255); box-sizing: border-box !important; overflow-wrap: break-word !important;\">香村•祁庄</strong><span style=\"color: rgb(89, 89, 89); font-family: Optima-Regular, PingFangTC-light; font-size: 14px; letter-spacing: 1px; text-align: justify; background-color: rgb(255, 255, 255);\">的日子，安逸，这里的民宿大多自带农家小院。一方院子，将日子围合起来，更有了家的温暖。</span></span></strong></span></section><p style=\"margin: 0px; padding: 0px; max-width: 100%; color: rgb(51, 51, 51); font-family: -apple-system-font, BlinkMacSystemFont, &quot;Helvetica Neue&quot;, &quot;PingFang SC&quot;, &quot;Hiragino Sans GB&quot;, &quot;Microsoft YaHei UI&quot;, &quot;Microsoft YaHei&quot;, Arial, sans-serif; letter-spacing: 0.544px; white-space: normal; background-color: rgb(255, 255, 255); text-align: left; line-height: 2em; box-sizing: border-box !important; overflow-wrap: break-word !important;\"><br/></p><p style=\"margin: 0px; padding: 0px; max-width: 100%; color: rgb(51, 51, 51); font-family: -apple-system-font, BlinkMacSystemFont, &quot;Helvetica Neue&quot;, &quot;PingFang SC&quot;, &quot;Hiragino Sans GB&quot;, &quot;Microsoft YaHei UI&quot;, &quot;Microsoft YaHei&quot;, Arial, sans-serif; letter-spacing: 0.544px; white-space: normal; background-color: rgb(255, 255, 255); text-align: left; line-height: 2em; box-sizing: border-box !important; overflow-wrap: break-word !important;\"><img src=\"/ueditor/php/upload/image/20191206/1575617444164553.jpg\" title=\"1575617444164553.jpg\" alt=\"1575617444164553.jpg\" width=\"700\" height=\"616\" border=\"0\" vspace=\"0\" style=\"width: 700px; height: 616px;\"/></p><p><span style=\"color: rgb(89, 89, 89); font-family: Optima-Regular, PingFangTC-light; font-size: 14px; letter-spacing: 1px; text-align: justify; background-color: rgb(255, 255, 255);\">&nbsp;&nbsp;&nbsp;&nbsp;&nbsp;&nbsp;&nbsp;&nbsp;坐在藤椅上晒太阳，竹编的老式藤椅吱呀吱呀，传来岁月的回响。闭上眼睛，任阳光在脸上淘气。</span><span style=\"color: rgb(89, 89, 89); font-family: Optima-Regular, PingFangTC-light; font-size: 14px; letter-spacing: 1px; text-align: justify; background-color: rgb(255, 255, 255);\">融融的庭</span><span style=\"background-color: rgb(255, 255, 255); color: rgb(89, 89, 89); font-family: Optima-Regular, PingFangTC-light; font-size: 14px; letter-spacing: 1px; text-align: justify;\">院暖阳消弭了距离，和阿婆们唠嗑家常追忆旧时光，阳光也染上了怀旧的味道。</span></p><p><img src=\"/ueditor/php/upload/image/20191206/1575617457252596.jpg\" title=\"1575617457252596.jpg\" alt=\"1575617457252596.jpg\" width=\"700\" height=\"467\" border=\"0\" vspace=\"0\" style=\"width: 700px; height: 467px;\"/></p><p><img src=\"/ueditor/php/upload/image/20191206/1575617488463882.jpg\" title=\"1575617488463882.jpg\" alt=\"1575617488463882.jpg\" width=\"700\" height=\"467\" border=\"0\" vspace=\"0\" style=\"width: 700px; height: 467px;\"/></p><p>&nbsp; &nbsp; &nbsp; &nbsp; &nbsp; &nbsp; &nbsp; &nbsp; &nbsp; &nbsp; &nbsp; &nbsp; &nbsp; &nbsp; &nbsp; &nbsp; &nbsp; &nbsp; &nbsp; &nbsp; &nbsp; &nbsp; &nbsp; &nbsp; &nbsp; &nbsp; &nbsp; &nbsp; &nbsp; &nbsp;<img src=\"/ueditor/php/upload/image/20191206/1575617751132994.gif\" title=\"1575617751132994.gif\" alt=\"640.gif\"/></p>', '周庄旅游', '1575617673', '1');
INSERT INTO `zz_article` VALUES ('3', '夜色｜月上周庄张翰忆思归，水乡夜色朦胧迷人醉', '<p><img src=\"/ueditor/php/upload/image/20191206/1575618229139663.gif\" title=\"1575618229139663.gif\" alt=\"zx1.gif\"/></p><p style=\"margin-top: 0px; margin-bottom: 0px; padding: 0px; max-width: 100%; clear: both; min-height: 1em; color: rgb(161, 131, 14); font-family: -apple-system-font, BlinkMacSystemFont, &quot;Helvetica Neue&quot;, &quot;PingFang SC&quot;, &quot;Hiragino Sans GB&quot;, &quot;Microsoft YaHei UI&quot;, &quot;Microsoft YaHei&quot;, Arial, sans-serif; font-size: 14px; letter-spacing: 1.5px; white-space: normal; background-color: rgb(255, 255, 255); box-sizing: border-box !important; overflow-wrap: break-word !important;\"><span style=\"margin: 0px; padding: 0px; max-width: 100%; box-sizing: border-box !important; word-wrap: break-word !important; font-size: 15px;\"><strong style=\"margin: 0px; padding: 0px; max-width: 100%; box-sizing: border-box !important; word-wrap: break-word !important;\"><span style=\"margin: 0px; padding: 0px; max-width: 100%; box-sizing: border-box !important; word-wrap: break-word !important; caret-color: red;\">&nbsp;&nbsp;&nbsp;&nbsp;思吴江歌</span></strong></span></p><p style=\"margin-top: 0px; margin-bottom: 0px; padding: 0px; max-width: 100%; clear: both; min-height: 1em; color: rgb(161, 131, 14); font-family: -apple-system-font, BlinkMacSystemFont, &quot;Helvetica Neue&quot;, &quot;PingFang SC&quot;, &quot;Hiragino Sans GB&quot;, &quot;Microsoft YaHei UI&quot;, &quot;Microsoft YaHei&quot;, Arial, sans-serif; font-size: 14px; letter-spacing: 1.5px; white-space: normal; background-color: rgb(255, 255, 255); box-sizing: border-box !important; overflow-wrap: break-word !important;\"><span style=\"margin: 0px; padding: 0px; max-width: 100%; box-sizing: border-box !important; word-wrap: break-word !important; caret-color: red; text-align: center;\">&nbsp;&nbsp;&nbsp;&nbsp;　</span><span style=\"margin: 0px; padding: 0px; max-width: 100%; box-sizing: border-box !important; word-wrap: break-word !important; caret-color: red; text-align: center; color: rgb(127, 127, 127);\">张翰</span></p><p style=\"margin-top: 0px; margin-bottom: 0px; padding: 0px; max-width: 100%; clear: both; min-height: 1em; color: rgb(161, 131, 14); font-family: -apple-system-font, BlinkMacSystemFont, &quot;Helvetica Neue&quot;, &quot;PingFang SC&quot;, &quot;Hiragino Sans GB&quot;, &quot;Microsoft YaHei UI&quot;, &quot;Microsoft YaHei&quot;, Arial, sans-serif; font-size: 14px; letter-spacing: 1.5px; white-space: normal; background-color: rgb(255, 255, 255); box-sizing: border-box !important; overflow-wrap: break-word !important;\"><span style=\"color: rgb(179, 131, 11); text-align: right;\">秋风起兮木叶飞</span><span style=\"color: rgb(179, 131, 11); text-align: right;\">，</span></p><p style=\"margin-top: 0px; margin-bottom: 0px; padding: 0px; max-width: 100%; clear: both; min-height: 1em; color: rgb(161, 131, 14); font-family: -apple-system-font, BlinkMacSystemFont, &quot;Helvetica Neue&quot;, &quot;PingFang SC&quot;, &quot;Hiragino Sans GB&quot;, &quot;Microsoft YaHei UI&quot;, &quot;Microsoft YaHei&quot;, Arial, sans-serif; font-size: 14px; letter-spacing: 1.5px; white-space: normal; background-color: rgb(255, 255, 255); box-sizing: border-box !important; overflow-wrap: break-word !important;\"><span style=\"color: rgb(179, 131, 11); text-align: right;\">吴江水兮鲈正肥。</span></p><p style=\"margin-top: 0px; margin-bottom: 0px; padding: 0px; max-width: 100%; clear: both; min-height: 1em; color: rgb(161, 131, 14); font-family: -apple-system-font, BlinkMacSystemFont, &quot;Helvetica Neue&quot;, &quot;PingFang SC&quot;, &quot;Hiragino Sans GB&quot;, &quot;Microsoft YaHei UI&quot;, &quot;Microsoft YaHei&quot;, Arial, sans-serif; font-size: 14px; letter-spacing: 1.5px; white-space: normal; background-color: rgb(255, 255, 255); box-sizing: border-box !important; overflow-wrap: break-word !important;\"><span style=\"color: rgb(179, 131, 11); text-align: right;\">三千里兮家未归，</span></p><p style=\"margin-top: 0px; margin-bottom: 0px; padding: 0px; max-width: 100%; clear: both; min-height: 1em; color: rgb(161, 131, 14); font-family: -apple-system-font, BlinkMacSystemFont, &quot;Helvetica Neue&quot;, &quot;PingFang SC&quot;, &quot;Hiragino Sans GB&quot;, &quot;Microsoft YaHei UI&quot;, &quot;Microsoft YaHei&quot;, Arial, sans-serif; font-size: 14px; letter-spacing: 1.5px; white-space: normal; background-color: rgb(255, 255, 255); box-sizing: border-box !important; overflow-wrap: break-word !important;\"><span style=\"color: rgb(179, 131, 11); text-align: right;\">恨难禁兮仰天悲。</span></p><p style=\"margin-top: 0px; margin-bottom: 0px; padding: 0px; max-width: 100%; clear: both; min-height: 1em; color: rgb(161, 131, 14); font-family: -apple-system-font, BlinkMacSystemFont, &quot;Helvetica Neue&quot;, &quot;PingFang SC&quot;, &quot;Hiragino Sans GB&quot;, &quot;Microsoft YaHei UI&quot;, &quot;Microsoft YaHei&quot;, Arial, sans-serif; font-size: 14px; letter-spacing: 1.5px; white-space: normal; background-color: rgb(255, 255, 255); box-sizing: border-box !important; overflow-wrap: break-word !important;\"><span style=\"color: rgb(179, 131, 11); text-align: right;\"><br/></span></p><p><span style=\"color: rgb(89, 89, 89); font-family: -apple-system-font, BlinkMacSystemFont, &quot;Helvetica Neue&quot;, &quot;PingFang SC&quot;, &quot;Hiragino Sans GB&quot;, &quot;Microsoft YaHei UI&quot;, &quot;Microsoft YaHei&quot;, Arial, sans-serif; font-size: 14px; letter-spacing: 1px; text-align: justify; background-color: rgb(255, 255, 255);\">曾经的张翰在洛阳为官，一日，其见秋风乍起，怀念起家乡周庄的莼菜、鲈鱼，遂索性辞官回乡，成就了</span><strong style=\"margin: 0px; padding: 0px; max-width: 100%; color: rgb(89, 89, 89); font-family: -apple-system-font, BlinkMacSystemFont, &quot;Helvetica Neue&quot;, &quot;PingFang SC&quot;, &quot;Hiragino Sans GB&quot;, &quot;Microsoft YaHei UI&quot;, &quot;Microsoft YaHei&quot;, Arial, sans-serif; font-size: 14px; letter-spacing: 1px; text-align: justify; white-space: normal; background-color: rgb(255, 255, 255); box-sizing: border-box !important; overflow-wrap: break-word !important;\">“莼鲈之思”</strong><span style=\"color: rgb(89, 89, 89); font-family: -apple-system-font, BlinkMacSystemFont, &quot;Helvetica Neue&quot;, &quot;PingFang SC&quot;, &quot;Hiragino Sans GB&quot;, &quot;Microsoft YaHei UI&quot;, &quot;Microsoft YaHei&quot;, Arial, sans-serif; font-size: 14px; letter-spacing: 1px; text-align: justify; background-color: rgb(255, 255, 255);\">的美谈。</span></p><p><span style=\"color: rgb(89, 89, 89); font-family: -apple-system-font, BlinkMacSystemFont, &quot;Helvetica Neue&quot;, &quot;PingFang SC&quot;, &quot;Hiragino Sans GB&quot;, &quot;Microsoft YaHei UI&quot;, &quot;Microsoft YaHei&quot;, Arial, sans-serif; font-size: 14px; letter-spacing: 1px; text-align: justify; background-color: rgb(255, 255, 255);\"><br/></span></p><p><span style=\"color: rgb(89, 89, 89); font-family: -apple-system-font, BlinkMacSystemFont, &quot;Helvetica Neue&quot;, &quot;PingFang SC&quot;, &quot;Hiragino Sans GB&quot;, &quot;Microsoft YaHei UI&quot;, &quot;Microsoft YaHei&quot;, Arial, sans-serif; font-size: 14px; letter-spacing: 1px; text-align: justify; background-color: rgb(255, 255, 255);\"><span style=\"margin: 0px; padding: 0px; max-width: 100%; font-family: -apple-system-font, BlinkMacSystemFont, &quot;Helvetica Neue&quot;, &quot;PingFang SC&quot;, &quot;Hiragino Sans GB&quot;, &quot;Microsoft YaHei UI&quot;, &quot;Microsoft YaHei&quot;, Arial, sans-serif; letter-spacing: 1px; text-align: justify; background-color: rgb(255, 255, 255); color: rgb(199, 149, 24); box-sizing: border-box !important; overflow-wrap: break-word !important;\"><strong style=\"margin: 0px; padding: 0px; max-width: 100%; box-sizing: border-box !important; word-wrap: break-word !important;\"><span style=\"margin: 0px; padding: 0px; max-width: 100%; box-sizing: border-box !important; word-wrap: break-word !important; font-size: 14px;\">垂钓南湖畔、赏南湖秋月、品莼鲈之鲜</span></strong></span><span style=\"margin: 0px; padding: 0px; max-width: 100%; font-family: -apple-system-font, BlinkMacSystemFont, &quot;Helvetica Neue&quot;, &quot;PingFang SC&quot;, &quot;Hiragino Sans GB&quot;, &quot;Microsoft YaHei UI&quot;, &quot;Microsoft YaHei&quot;, Arial, sans-serif; letter-spacing: 1px; text-align: justify; background-color: rgb(255, 255, 255); color: rgb(89, 89, 89); font-size: 14px; box-sizing: border-box !important; overflow-wrap: break-word !important;\">，周庄的风物之美让张翰如此执着，以至于淡泊名利。也许，当年的张翰穿越到如今的周庄，欣赏过月夜周庄的迷人景，想必更要迫不及待地归乡吧。</span><img src=\"/ueditor/php/upload/image/20191206/1575618311112941.jpg\" title=\"1575618311112941.jpg\" alt=\"1575618311112941.jpg\" width=\"700\" height=\"417\" border=\"0\" vspace=\"0\" style=\"width: 700px; height: 417px;\"/></span></p><p></p><section class=\"\" style=\"margin: 10px 0px; padding: 0px; max-width: 100%; box-sizing: border-box; color: rgb(51, 51, 51); font-family: -apple-system-font, BlinkMacSystemFont, &quot;Helvetica Neue&quot;, &quot;PingFang SC&quot;, &quot;Hiragino Sans GB&quot;, &quot;Microsoft YaHei UI&quot;, &quot;Microsoft YaHei&quot;, Arial, sans-serif; letter-spacing: 0.544px; text-align: justify; white-space: normal; background-color: rgb(255, 255, 255); overflow-wrap: break-word !important;\"><section style=\"margin: 0px; padding: 0px; max-width: 100%; box-sizing: border-box; word-wrap: break-word !important; display: inline-block; width: 677px; vertical-align: top; background-position: 0% 0%; background-repeat: repeat-y; background-size: 100%; background-attachment: scroll; background-image: url(&quot;https://mmbiz.qpic.cn/mmbiz_jpg/b1G50a44xOlYzt8fszdBLOEiayn7fJT4zSFbZAKnY2rHNFLaon2MvEREIme2DV4SwOsFiboTiaMFt3nysp1ZCWa2Q/640?wx_fmt=jpeg&quot;);\"><section style=\"margin: 0px; padding: 0px; max-width: 100%; box-sizing: border-box; word-wrap: break-word !important;\"><section style=\"margin: 0px; padding: 0px; max-width: 100%; box-sizing: border-box; word-wrap: break-word !important; display: inline-block; width: 677px; vertical-align: top; background-position: 0% 0%; background-repeat: repeat-y; background-size: 100%; background-attachment: scroll; background-image: url(&quot;https://mmbiz.qpic.cn/mmbiz_png/b1G50a44xOlYzt8fszdBLOEiayn7fJT4zC5MR70Aj04waib2rAytjxEn4thibDdiamAiaWrDW3d3Xn8MB6lgZn6icPPg/640?wx_fmt=png&quot;);\"><section style=\"margin: 0px; padding: 0px; max-width: 100%; box-sizing: border-box; word-wrap: break-word !important;\"><section style=\"margin: 0px; padding: 0px; max-width: 100%; box-sizing: border-box; word-wrap: break-word !important; display: inline-block; vertical-align: bottom; width: 595.75px; height: auto;\"><section style=\"margin: 2px 0px 0px; padding: 0px; max-width: 100%; box-sizing: border-box; word-wrap: break-word !important; transform: translate3d(1px, 0px, 0px);\"><section class=\"\" style=\"margin: 0px; padding: 0px; max-width: 100%; box-sizing: border-box; word-wrap: break-word !important; text-align: center; font-size: 14px; color: rgba(165, 118, 74, 0.33); line-height: 1;\"><p style=\"margin-top: 0px; margin-bottom: 0px; padding: 0px; max-width: 100%; box-sizing: border-box; clear: both; min-height: 1em; overflow-wrap: break-word !important;\"><span style=\"margin: 0px; padding: 0px; max-width: 100%; box-sizing: border-box; word-wrap: break-word !important; color: rgb(158, 115, 5); font-size: 16px; font-family: Optima-Regular, PingFangTC-light; letter-spacing: 2px;\"><strong style=\"margin: 0px; padding: 0px; max-width: 100%; box-sizing: border-box; word-wrap: break-word !important;\">文化动人·水乡元素</strong></span><span style=\"margin: 0px; padding: 0px; max-width: 100%; box-sizing: border-box; word-wrap: break-word !important; color: rgb(158, 115, 5); font-size: 16px; letter-spacing: 2px; font-family: Optima-Regular, PingFangTC-light;\"><strong style=\"margin: 0px; padding: 0px; max-width: 100%; box-sizing: border-box; word-wrap: break-word !important;\"></strong><strong style=\"margin: 0px; padding: 0px; max-width: 100%; box-sizing: border-box; word-wrap: break-word !important;\"></strong></span></p><p style=\"margin-top: 0px; margin-bottom: 0px; padding: 0px; max-width: 100%; box-sizing: border-box; clear: both; min-height: 1em; overflow-wrap: break-word !important;\"><br style=\"margin: 0px; padding: 0px; max-width: 100%; box-sizing: border-box !important; word-wrap: break-word !important;\"/></p></section></section></section></section><section style=\"margin: -20px 0px -1px; padding: 0px; max-width: 100%; box-sizing: border-box; word-wrap: break-word !important; text-align: center; opacity: 0.99;\"><br/></section></section></section></section></section><p><section style=\"margin: 0px; padding: 0px; max-width: 100%; color: rgb(51, 51, 51); font-family: -apple-system-font, BlinkMacSystemFont, &quot;Helvetica Neue&quot;, &quot;PingFang SC&quot;, &quot;Hiragino Sans GB&quot;, &quot;Microsoft YaHei UI&quot;, &quot;Microsoft YaHei&quot;, Arial, sans-serif; letter-spacing: 0.544px; text-align: justify; white-space: normal; background-color: rgb(255, 255, 255); line-height: 2em; box-sizing: border-box !important; overflow-wrap: break-word !important;\"><span style=\"margin: 0px; padding: 0px; max-width: 100%; box-sizing: border-box !important; word-wrap: break-word !important; color: rgb(89, 89, 89); font-size: 14px; caret-color: red; letter-spacing: 1px;\">周庄的夜色会说话。那融入水乡元素的灯组，成为恰到好处的点缀，还原出令人向往的江南水乡生活。文创灯光装扮出</span><span style=\"margin: 0px; padding: 0px; max-width: 100%; box-sizing: border-box !important; word-wrap: break-word !important; letter-spacing: 1px;\"><span style=\"margin: 0px; padding: 0px; max-width: 100%; box-sizing: border-box !important; word-wrap: break-word !important; font-size: 14px; caret-color: red; color: rgb(199, 149, 24);\"><strong style=\"margin: 0px; padding: 0px; max-width: 100%; box-sizing: border-box !important; word-wrap: break-word !important;\">静谧西湾</strong></span><span style=\"margin: 0px; padding: 0px; max-width: 100%; box-sizing: border-box !important; word-wrap: break-word !important; color: rgb(89, 89, 89); font-size: 14px; caret-color: red;\">，配以江南丝竹的渺渺之音，以及升腾缭绕的水雾，让人遁入梦幻的禅境。</span></span></section></p><p><span style=\"color: rgb(89, 89, 89); font-family: -apple-system-font, BlinkMacSystemFont, &quot;Helvetica Neue&quot;, &quot;PingFang SC&quot;, &quot;Hiragino Sans GB&quot;, &quot;Microsoft YaHei UI&quot;, &quot;Microsoft YaHei&quot;, Arial, sans-serif; font-size: 14px; letter-spacing: 1px; text-align: justify; background-color: rgb(255, 255, 255);\"><br/></span><img src=\"/ueditor/php/upload/image/20191206/1575618347699008.jpg\" title=\"1575618347699008.jpg\" alt=\"1575618347699008.jpg\" width=\"700\" height=\"440\" border=\"0\" vspace=\"0\" style=\"width: 700px; height: 440px;\"/></p><p><img src=\"/ueditor/php/upload/image/20191206/1575618368111340.jpg\" title=\"1575618368111340.jpg\" alt=\"1575618368111340.jpg\" width=\"700\" height=\"467\" border=\"0\" vspace=\"0\" style=\"width: 700px; height: 467px;\"/></p><p><span style=\"color: rgb(136, 136, 136); font-family: Optima-Regular, PingFangTC-light; font-size: 12px; letter-spacing: 2px; text-align: center; background-color: rgb(255, 255, 255);\">&nbsp;&nbsp;&nbsp;&nbsp;&nbsp;&nbsp;&nbsp;&nbsp;&nbsp;&nbsp;&nbsp;&nbsp;&nbsp;&nbsp;&nbsp;&nbsp;&nbsp;&nbsp;&nbsp;&nbsp;&nbsp;&nbsp;&nbsp;&nbsp;&nbsp;&nbsp;&nbsp;&nbsp;&nbsp;&nbsp;&nbsp;&nbsp;&nbsp;&nbsp;&nbsp;&nbsp;&nbsp;&nbsp;&nbsp;&nbsp;&nbsp;&nbsp;&nbsp;&nbsp;&nbsp;&nbsp;&nbsp;&nbsp;&nbsp;&nbsp;&nbsp;&nbsp;▲西湾街·静谧夜泊</span></p><p><span style=\"color: rgb(136, 136, 136); font-family: Optima-Regular, PingFangTC-light; font-size: 12px; letter-spacing: 2px; text-align: center; background-color: rgb(255, 255, 255);\"><span style=\"margin: 0px; padding: 0px; max-width: 100%; font-family: -apple-system-font, BlinkMacSystemFont, &quot;Helvetica Neue&quot;, &quot;PingFang SC&quot;, &quot;Hiragino Sans GB&quot;, &quot;Microsoft YaHei UI&quot;, &quot;Microsoft YaHei&quot;, Arial, sans-serif; font-size: 14px; letter-spacing: 1px; text-align: justify; background-color: rgb(255, 255, 255); color: rgb(199, 149, 24); box-sizing: border-box !important; overflow-wrap: break-word !important;\"><strong style=\"margin: 0px; padding: 0px; max-width: 100%; box-sizing: border-box !important; word-wrap: break-word !important;\">渔趣后港街、游船南湖街、民宿福洪街</strong></span><span style=\"color: rgb(89, 89, 89); font-family: -apple-system-font, BlinkMacSystemFont, &quot;Helvetica Neue&quot;, &quot;PingFang SC&quot;, &quot;Hiragino Sans GB&quot;, &quot;Microsoft YaHei UI&quot;, &quot;Microsoft YaHei&quot;, Arial, sans-serif; font-size: 14px; letter-spacing: 1px; text-align: justify; background-color: rgb(255, 255, 255);\">等处，帆船造型的灯光勾勒出出船的水乡图景。</span><span style=\"margin: 0px; padding: 0px; max-width: 100%; font-family: -apple-system-font, BlinkMacSystemFont, &quot;Helvetica Neue&quot;, &quot;PingFang SC&quot;, &quot;Hiragino Sans GB&quot;, &quot;Microsoft YaHei UI&quot;, &quot;Microsoft YaHei&quot;, Arial, sans-serif; font-size: 14px; letter-spacing: 1px; text-align: justify; background-color: rgb(255, 255, 255); color: rgb(199, 149, 24); box-sizing: border-box !important; overflow-wrap: break-word !important;\"><strong style=\"margin: 0px; padding: 0px; max-width: 100%; box-sizing: border-box !important; word-wrap: break-word !important;\">南湖秋月园</strong></span><span style=\"color: rgb(89, 89, 89); font-family: -apple-system-font, BlinkMacSystemFont, &quot;Helvetica Neue&quot;, &quot;PingFang SC&quot;, &quot;Hiragino Sans GB&quot;, &quot;Microsoft YaHei UI&quot;, &quot;Microsoft YaHei&quot;, Arial, sans-serif; font-size: 14px; letter-spacing: 1px; text-align: justify; background-color: rgb(255, 255, 255);\">栈道芦苇与亭台水榭相映成趣，渲染出夜游江南园林的无穷意韵。</span><span style=\"margin: 0px; padding: 0px; max-width: 100%; font-family: -apple-system-font, BlinkMacSystemFont, &quot;Helvetica Neue&quot;, &quot;PingFang SC&quot;, &quot;Hiragino Sans GB&quot;, &quot;Microsoft YaHei UI&quot;, &quot;Microsoft YaHei&quot;, Arial, sans-serif; font-size: 14px; letter-spacing: 1px; text-align: justify; background-color: rgb(255, 255, 255); color: rgb(199, 149, 24); box-sizing: border-box !important; overflow-wrap: break-word !important;\"><strong style=\"margin: 0px; padding: 0px; max-width: 100%; box-sizing: border-box !important; word-wrap: break-word !important;\">文化地标周庄博物馆、古风打卡地南湖古琴社</strong></span><span style=\"color: rgb(89, 89, 89); font-family: -apple-system-font, BlinkMacSystemFont, &quot;Helvetica Neue&quot;, &quot;PingFang SC&quot;, &quot;Hiragino Sans GB&quot;, &quot;Microsoft YaHei UI&quot;, &quot;Microsoft YaHei&quot;, Arial, sans-serif; font-size: 14px; letter-spacing: 1px; text-align: justify; background-color: rgb(255, 255, 255);\">，又以水墨画般的光影，将夜色周庄入画来。</span></span></p><p><span style=\"color: rgb(136, 136, 136); font-family: Optima-Regular, PingFangTC-light; font-size: 12px; letter-spacing: 2px; text-align: center; background-color: rgb(255, 255, 255);\"><span style=\"color: rgb(89, 89, 89); font-family: -apple-system-font, BlinkMacSystemFont, &quot;Helvetica Neue&quot;, &quot;PingFang SC&quot;, &quot;Hiragino Sans GB&quot;, &quot;Microsoft YaHei UI&quot;, &quot;Microsoft YaHei&quot;, Arial, sans-serif; font-size: 14px; letter-spacing: 1px; text-align: justify; background-color: rgb(255, 255, 255);\"><img src=\"/ueditor/php/upload/image/20191206/1575618409104515.jpg\" title=\"1575618409104515.jpg\" alt=\"1575618409104515.jpg\" width=\"700\" height=\"458\" border=\"0\" vspace=\"0\" style=\"width: 700px; height: 458px;\"/></span></span></p><p><span style=\"color: rgb(136, 136, 136); font-family: Optima-Regular, PingFangTC-light; font-size: 12px; letter-spacing: 2px; text-align: center; background-color: rgb(255, 255, 255);\"><span style=\"color: rgb(89, 89, 89); font-family: -apple-system-font, BlinkMacSystemFont, &quot;Helvetica Neue&quot;, &quot;PingFang SC&quot;, &quot;Hiragino Sans GB&quot;, &quot;Microsoft YaHei UI&quot;, &quot;Microsoft YaHei&quot;, Arial, sans-serif; font-size: 14px; letter-spacing: 1px; text-align: justify; background-color: rgb(255, 255, 255);\">&nbsp;&nbsp;&nbsp;&nbsp;&nbsp;&nbsp;&nbsp;&nbsp;&nbsp;&nbsp;&nbsp;&nbsp;&nbsp;&nbsp;&nbsp;&nbsp;&nbsp;&nbsp;&nbsp;&nbsp;&nbsp;&nbsp;&nbsp;&nbsp;&nbsp;&nbsp;&nbsp;&nbsp;&nbsp;&nbsp;&nbsp;&nbsp;&nbsp;&nbsp;&nbsp;&nbsp;&nbsp;&nbsp;&nbsp;&nbsp;&nbsp;&nbsp;&nbsp;&nbsp;&nbsp;&nbsp;&nbsp;&nbsp;&nbsp;&nbsp;&nbsp;&nbsp;<span style=\"color: rgb(136, 136, 136); font-family: Optima-Regular, PingFangTC-light; font-size: 12px; letter-spacing: 2px; text-align: center; background-color: rgb(255, 255, 255);\">▲青龙桥照壁·四季幻影</span></span></span></p><p><span style=\"color: rgb(89, 89, 89); font-family: -apple-system-font, BlinkMacSystemFont, &quot;Helvetica Neue&quot;, &quot;PingFang SC&quot;, &quot;Hiragino Sans GB&quot;, &quot;Microsoft YaHei UI&quot;, &quot;Microsoft YaHei&quot;, Arial, sans-serif; font-size: 14px; letter-spacing: 1px; text-align: justify; background-color: rgb(255, 255, 255);\"><br/></span></p><p><span style=\"color: rgb(89, 89, 89); font-family: -apple-system-font, BlinkMacSystemFont, &quot;Helvetica Neue&quot;, &quot;PingFang SC&quot;, &quot;Hiragino Sans GB&quot;, &quot;Microsoft YaHei UI&quot;, &quot;Microsoft YaHei&quot;, Arial, sans-serif; font-size: 14px; letter-spacing: 1px; text-align: justify; background-color: rgb(255, 255, 255);\">&nbsp;&nbsp;&nbsp;&nbsp;&nbsp;&nbsp;&nbsp;&nbsp;&nbsp;&nbsp;&nbsp;&nbsp;&nbsp;&nbsp;&nbsp;&nbsp;&nbsp;&nbsp;&nbsp;&nbsp;&nbsp;&nbsp;&nbsp;&nbsp;&nbsp;&nbsp;&nbsp;&nbsp;&nbsp;&nbsp;&nbsp;&nbsp;&nbsp;&nbsp;&nbsp;&nbsp;&nbsp;&nbsp;&nbsp;&nbsp;&nbsp;&nbsp;&nbsp;&nbsp;&nbsp;&nbsp;&nbsp;&nbsp;&nbsp;&nbsp;&nbsp;&nbsp;&nbsp;&nbsp;&nbsp;&nbsp;<img src=\"/ueditor/php/upload/image/20191206/1575618451709077.gif\" title=\"1575618451709077.gif\" alt=\"640.gif\"/></span></p>', '周庄旅游', '1575618458', '2');
INSERT INTO `zz_article` VALUES ('2', '文创｜流连坊间语古镇，寻觅贞丰老手艺（三）', '<p><img src=\"/ueditor/php/upload/image/20191206/1575617889572580.gif\" title=\"1575617889572580.gif\" alt=\"zx1.gif\"/></p><p><img src=\"/ueditor/php/upload/image/20191206/1575617893837570.png\" title=\"1575617893837570.png\" alt=\"QQ图片20191206153707.png\"/></p><p><br/></p><p><strong style=\"background-color: rgb(255, 255, 255); font-family: -apple-system-font, BlinkMacSystemFont, &quot;Helvetica Neue&quot;, &quot;PingFang SC&quot;, &quot;Hiragino Sans GB&quot;, &quot;Microsoft YaHei UI&quot;, &quot;Microsoft YaHei&quot;, Arial, sans-serif; letter-spacing: 2px; color: rgb(2, 2, 2); text-align: center; margin: 0px; padding: 0px; max-width: 100%; box-sizing: border-box !important; overflow-wrap: break-word !important;\"><span style=\"margin: 0px; padding: 0px; max-width: 100%; box-sizing: border-box !important; word-wrap: break-word !important; font-family: Optima-Regular, PingFangTC-light; font-size: 15px;\">&nbsp;&nbsp;&nbsp;&nbsp;&nbsp;&nbsp;&nbsp;&nbsp;&nbsp;&nbsp;&nbsp;&nbsp;&nbsp;&nbsp;&nbsp;&nbsp;&nbsp;&nbsp;&nbsp;&nbsp;&nbsp;&nbsp;&nbsp;&nbsp;&nbsp;&nbsp;&nbsp;&nbsp;&nbsp;&nbsp;&nbsp;&nbsp;&nbsp;&nbsp;&nbsp;&nbsp;&nbsp;&nbsp;&nbsp;&nbsp;&nbsp;&nbsp;&nbsp;&nbsp;&nbsp;&nbsp;&nbsp;&nbsp;砖坯坊</span></strong></p><p style=\"margin: 0px; padding: 0px; max-width: 100%; color: rgb(51, 51, 51); font-family: -apple-system-font, BlinkMacSystemFont, &quot;Helvetica Neue&quot;, &quot;PingFang SC&quot;, &quot;Hiragino Sans GB&quot;, &quot;Microsoft YaHei UI&quot;, &quot;Microsoft YaHei&quot;, Arial, sans-serif; font-size: 17px; letter-spacing: 0.544px; text-align: justify; white-space: normal; background-color: rgb(255, 255, 255); line-height: 2em; box-sizing: border-box !important; overflow-wrap: break-word !important;\"><span style=\"margin: 0px; padding: 0px; max-width: 100%; box-sizing: border-box !important; word-wrap: break-word !important; font-size: 14px; font-family: Optima-Regular, PingFangTC-light; letter-spacing: 1px;\">&nbsp;&nbsp;&nbsp;&nbsp;&nbsp;&nbsp;&nbsp;&nbsp;周庄位于古代吴越封地，砖瓦工艺自古流传,明清时期更是达到了成熟精湛的阶段，砖雕刻镂风靡</span><span style=\"margin: 0px; padding: 0px; max-width: 100%; font-size: 14px; font-family: Optima-Regular, PingFangTC-light; letter-spacing: 1px; box-sizing: border-box !important; overflow-wrap: break-word !important;\">一时。</span><span style=\"font-family: Optima-Regular, PingFangTC-light; font-size: 14px; letter-spacing: 1px;\">砖坯坊在继承传统的基础上再现昔日民间制坯场景，体现周庄农村生活文化的一面。</span></p><p style=\"margin: 0px; padding: 0px; max-width: 100%; color: rgb(51, 51, 51); font-family: -apple-system-font, BlinkMacSystemFont, &quot;Helvetica Neue&quot;, &quot;PingFang SC&quot;, &quot;Hiragino Sans GB&quot;, &quot;Microsoft YaHei UI&quot;, &quot;Microsoft YaHei&quot;, Arial, sans-serif; font-size: 17px; letter-spacing: 0.544px; text-align: justify; white-space: normal; background-color: rgb(255, 255, 255); line-height: 2em; box-sizing: border-box !important; overflow-wrap: break-word !important;\"><span style=\"font-family: Optima-Regular, PingFangTC-light; font-size: 14px; letter-spacing: 1px;\"><br/></span></p><section style=\"margin: 0px; padding: 0px; max-width: 100%; color: rgb(51, 51, 51); font-family: -apple-system-font, BlinkMacSystemFont, &quot;Helvetica Neue&quot;, &quot;PingFang SC&quot;, &quot;Hiragino Sans GB&quot;, &quot;Microsoft YaHei UI&quot;, &quot;Microsoft YaHei&quot;, Arial, sans-serif; font-size: 17px; letter-spacing: 0.544px; text-align: justify; white-space: normal; background-color: rgb(255, 255, 255); line-height: 2em; box-sizing: border-box !important; overflow-wrap: break-word !important;\"><span style=\"font-family: Optima-Regular, PingFangTC-light; font-size: 14px; letter-spacing: 1px;\"><img src=\"/ueditor/php/upload/image/20191206/1575617936239859.jpg\" title=\"1575617936239859.jpg\" alt=\"1575617936239859.jpg\" width=\"700\" height=\"467\" border=\"0\" vspace=\"0\" style=\"width: 700px; height: 467px;\"/></span></section><p><br/></p><p><img src=\"/ueditor/php/upload/image/20191206/1575617973360262.jpg\" title=\"1575617973360262.jpg\" alt=\"1575617973360262.jpg\" width=\"700\" height=\"467\" border=\"0\" vspace=\"0\" style=\"width: 700px; height: 467px;\"/></p><p><br/></p><p><span style=\"margin: 0px; padding: 0px; max-width: 100%; color: rgb(51, 51, 51); text-align: justify; background-color: rgb(255, 255, 255); font-size: 14px; font-family: Optima-Regular, PingFangTC-light; letter-spacing: 1px; box-sizing: border-box !important; overflow-wrap: break-word !important;\">&nbsp;&nbsp;&nbsp;&nbsp;&nbsp;&nbsp;&nbsp;&nbsp;前面展厅</span><span style=\"margin: 0px; padding: 0px; max-width: 100%; color: rgb(51, 51, 51); text-align: justify; background-color: rgb(255, 255, 255); font-size: 14px; font-family: Optima-Regular, PingFangTC-light; letter-spacing: 1px; box-sizing: border-box !important; overflow-wrap: break-word !important;\">里展示着各式砖瓦的功用、类别及工艺流程，儿时在农村里经常看到的开砖、筒瓦、滴水瓦</span><span style=\"margin: 0px; padding: 0px; max-width: 100%; color: rgb(51, 51, 51); text-align: justify; background-color: rgb(255, 255, 255); font-size: 14px; font-family: Optima-Regular, PingFangTC-light; letter-spacing: 1px; box-sizing: border-box !important; overflow-wrap: break-word !important;\">等，以</span><span style=\"margin: 0px; padding: 0px; max-width: 100%; color: rgb(51, 51, 51); text-align: justify; background-color: rgb(255, 255, 255); font-size: 14px; font-family: Optima-Regular, PingFangTC-light; letter-spacing: 1px; box-sizing: border-box !important; overflow-wrap: break-word !important;\">及运用简单的砖瓦制作的用于农耕、渔、樵的其它农作工具都可以在这里一一找寻。</span><span style=\"margin: 0px; padding: 0px; max-width: 100%; color: rgb(51, 51, 51); text-align: justify; background-color: rgb(255, 255, 255); font-family: Optima-Regular, PingFangTC-light; font-size: 14px; letter-spacing: 1px; box-sizing: border-box !important; overflow-wrap: break-word !important;\">后面作坊</span><span style=\"margin: 0px; padding: 0px; max-width: 100%; color: rgb(51, 51, 51); text-align: justify; background-color: rgb(255, 255, 255); font-family: Optima-Regular, PingFangTC-light; font-size: 14px; letter-spacing: 1px; box-sizing: border-box !important; overflow-wrap: break-word !important;\">内，</span><span style=\"background-color: rgb(255, 255, 255); color: rgb(51, 51, 51); font-family: Optima-Regular, PingFangTC-light; font-size: 14px; letter-spacing: 1px; text-align: justify;\">制坯工具一应俱全，有泥、坯小玩意现场捏作，看似简单，却富含技巧，常有游人兴致盎然地按照工艺流</span><span style=\"background-color: rgb(255, 255, 255); color: rgb(51, 51, 51); font-family: Optima-Regular, PingFangTC-light; font-size: 14px; letter-spacing: 1px; text-align: justify;\">程现场参与制作，体味其中奥妙。</span></p><p><span style=\"background-color: rgb(255, 255, 255); color: rgb(51, 51, 51); font-family: Optima-Regular, PingFangTC-light; font-size: 14px; letter-spacing: 1px; text-align: justify;\"><br/></span></p><p><img src=\"/ueditor/php/upload/image/20191206/1575618029796690.jpg\" title=\"1575618029796690.jpg\" alt=\"1575618029796690.jpg\" width=\"700\" height=\"467\" border=\"0\" vspace=\"0\" style=\"width: 700px; height: 467px;\"/></p><p>&nbsp;&nbsp;&nbsp;&nbsp;&nbsp;&nbsp;&nbsp;&nbsp;&nbsp;&nbsp;&nbsp;&nbsp;&nbsp;&nbsp;&nbsp;&nbsp;&nbsp;&nbsp;&nbsp;&nbsp;&nbsp;&nbsp;&nbsp;&nbsp;&nbsp;&nbsp;&nbsp;&nbsp;&nbsp;&nbsp;&nbsp;&nbsp;&nbsp;&nbsp;&nbsp;&nbsp;&nbsp;&nbsp;&nbsp;&nbsp;&nbsp;&nbsp;&nbsp;&nbsp;&nbsp;&nbsp;&nbsp;&nbsp;&nbsp;&nbsp;&nbsp;&nbsp;&nbsp;&nbsp;&nbsp;&nbsp;&nbsp;&nbsp;&nbsp;&nbsp;&nbsp;&nbsp;&nbsp;&nbsp;<img src=\"/ueditor/php/upload/image/20191206/1575618051221699.gif\" title=\"1575618051221699.gif\" alt=\"640.gif\"/></p>', '周庄旅游', '1575618063', '1');
INSERT INTO `zz_article` VALUES ('4', '枕梦｜绵绵秋日，只想好好睡一个懒觉', '<p><img src=\"/ueditor/php/upload/image/20191206/1575618539996616.gif\" title=\"1575618539996616.gif\" alt=\"zx1.gif\"/></p><section class=\"\" style=\"margin: 0px; padding: 0px; max-width: 100%; color: rgb(51, 51, 51); font-family: -apple-system-font, BlinkMacSystemFont, &quot;Helvetica Neue&quot;, &quot;PingFang SC&quot;, &quot;Hiragino Sans GB&quot;, &quot;Microsoft YaHei UI&quot;, &quot;Microsoft YaHei&quot;, Arial, sans-serif; font-size: 17px; letter-spacing: 0.544px; text-align: justify; white-space: normal; background-color: rgb(255, 255, 255); box-sizing: border-box !important; overflow-wrap: break-word !important;\"><section style=\"margin: 0px; padding: 0px; max-width: 100%; text-align: center; line-height: 2em; box-sizing: border-box !important; overflow-wrap: break-word !important;\"><section class=\"\" data-support=\"96编辑器\" data-style-id=\"22432\" style=\"margin: 0px; padding: 0px; max-width: 100%; box-sizing: border-box !important; word-wrap: break-word !important;\"><section style=\"margin: 0px; padding: 0px 0px 1.2em; max-width: 100%; box-sizing: border-box !important; word-wrap: break-word !important; text-align: left;\"><section style=\"margin: 0.5em 0px 0px; padding: 0px; max-width: 100%; box-sizing: border-box !important; word-wrap: break-word !important; display: inline-block; vertical-align: top; width: 25px; height: 25px;\"><br/></section><p><span style=\"text-align: center; font-size: 14px; margin: 0px; padding: 0px; max-width: 100%; color: rgba(0, 0, 0, 0.74); font-family: Optima-Regular, PingFangTC-light; letter-spacing: 1px; box-sizing: border-box !important; overflow-wrap: break-word !important;\">&nbsp;&nbsp;&nbsp;&nbsp;&nbsp;&nbsp;&nbsp;&nbsp;&nbsp;&nbsp;&nbsp;&nbsp;&nbsp;&nbsp;&nbsp;&nbsp;&nbsp;&nbsp;&nbsp;&nbsp;&nbsp;&nbsp;&nbsp;&nbsp;&nbsp;&nbsp;&nbsp;&nbsp;&nbsp;&nbsp;&nbsp;&nbsp;&nbsp;&nbsp;&nbsp;&nbsp;&nbsp;&nbsp;&nbsp;&nbsp;&nbsp;&nbsp;&nbsp;&nbsp;&nbsp;&nbsp;&nbsp;&nbsp;&nbsp;&nbsp;&nbsp;&nbsp;&nbsp;&nbsp;&nbsp;&nbsp;星光亮了</span></p><p><span style=\"text-align: center; font-size: 14px; color: rgba(0, 0, 0, 0.74); font-family: Optima-Regular, PingFangTC-light; letter-spacing: 1px;\">&nbsp;&nbsp;&nbsp;&nbsp;&nbsp;&nbsp;&nbsp;&nbsp;&nbsp;&nbsp;&nbsp;&nbsp;&nbsp;&nbsp;&nbsp;&nbsp;&nbsp;&nbsp;&nbsp;&nbsp;&nbsp;&nbsp;&nbsp;&nbsp;&nbsp;&nbsp;&nbsp;&nbsp;&nbsp;&nbsp;&nbsp;&nbsp;&nbsp;&nbsp;&nbsp;&nbsp;&nbsp;&nbsp;&nbsp;&nbsp;&nbsp;&nbsp;&nbsp;&nbsp;&nbsp;&nbsp;&nbsp;&nbsp;&nbsp;&nbsp;&nbsp;&nbsp; 石板偎着小桥</span></p><p><span style=\"color: rgba(0, 0, 0, 0.74); font-family: Optima-Regular, PingFangTC-light; letter-spacing: 1px; text-align: center; font-size: 14px;\">&nbsp;&nbsp;&nbsp;&nbsp;&nbsp;&nbsp;&nbsp;&nbsp;&nbsp;&nbsp;&nbsp;&nbsp;&nbsp;&nbsp;&nbsp;&nbsp;&nbsp;&nbsp;&nbsp;&nbsp;&nbsp;&nbsp;&nbsp;&nbsp;&nbsp;&nbsp;&nbsp;&nbsp;&nbsp;&nbsp;&nbsp;&nbsp;&nbsp;&nbsp;&nbsp;&nbsp;&nbsp;&nbsp;&nbsp;&nbsp;&nbsp;&nbsp;&nbsp;&nbsp;&nbsp;&nbsp;&nbsp;&nbsp;&nbsp;&nbsp;他们开始说悄悄话&nbsp;</span></p></section><section style=\"margin: -0.9em 0em -1.2em; padding: 10px; max-width: 100%; box-sizing: border-box !important; word-wrap: break-word !important;\"><section style=\"margin: 0px; padding: 0px; max-width: 100%; box-sizing: border-box !important; word-wrap: break-word !important; text-align: justify; font-size: 14px;\"><p style=\"margin: 0px; padding: 0px; max-width: 100%; box-sizing: border-box !important; word-wrap: break-word !important; text-align: center; clear: none; letter-spacing: 4px; line-height: 2em;\"><span style=\"color: rgba(0, 0, 0, 0.74); font-family: Optima-Regular, PingFangTC-light; letter-spacing: 1px;\"><br/></span></p><p style=\"margin: 0px; padding: 0px; max-width: 100%; clear: none; letter-spacing: 4px; line-height: 2em; box-sizing: border-box !important; overflow-wrap: break-word !important;\"><span style=\"color: rgba(0, 0, 0, 0.74); font-family: Optima-Regular, PingFangTC-light; letter-spacing: 1px;\">&nbsp;&nbsp;&nbsp;&nbsp;&nbsp;&nbsp;&nbsp;&nbsp;&nbsp;&nbsp;&nbsp;&nbsp;&nbsp;&nbsp;&nbsp;&nbsp;&nbsp;&nbsp;&nbsp;&nbsp;&nbsp;&nbsp;&nbsp;&nbsp;&nbsp;&nbsp;&nbsp;&nbsp;&nbsp;&nbsp;&nbsp;&nbsp;&nbsp;&nbsp;&nbsp;&nbsp;&nbsp;&nbsp;&nbsp;&nbsp;&nbsp;&nbsp;&nbsp;&nbsp;&nbsp;&nbsp;&nbsp;&nbsp;&nbsp;&nbsp;&nbsp;&nbsp;&nbsp; 游客散了</span></p><p style=\"margin: 0px; padding: 0px; max-width: 100%; clear: none; letter-spacing: 4px; line-height: 2em; box-sizing: border-box !important; overflow-wrap: break-word !important;\"><span style=\"color: rgba(0, 0, 0, 0.74); font-family: Optima-Regular, PingFangTC-light; letter-spacing: 1px; text-align: center;\">&nbsp;&nbsp;&nbsp;&nbsp;&nbsp;&nbsp;&nbsp;&nbsp;&nbsp;&nbsp;&nbsp;&nbsp;&nbsp;&nbsp;&nbsp;&nbsp;&nbsp;&nbsp;&nbsp;&nbsp;&nbsp;&nbsp;&nbsp;&nbsp;&nbsp;&nbsp;&nbsp;&nbsp;&nbsp;&nbsp;&nbsp;&nbsp;&nbsp;&nbsp;&nbsp;&nbsp;&nbsp;&nbsp;&nbsp;&nbsp;&nbsp;&nbsp;&nbsp;&nbsp;&nbsp;&nbsp;&nbsp;&nbsp;&nbsp; &nbsp;流水抱着木船</span></p><p style=\"margin: 0px; padding: 0px; max-width: 100%; clear: none; letter-spacing: 4px; line-height: 2em; box-sizing: border-box !important; overflow-wrap: break-word !important;\"><span style=\"color: rgba(0, 0, 0, 0.74); font-family: Optima-Regular, PingFangTC-light; letter-spacing: 1px; text-align: center;\">&nbsp;&nbsp;&nbsp;&nbsp;&nbsp;&nbsp;&nbsp;&nbsp;&nbsp;&nbsp;&nbsp;&nbsp;&nbsp;&nbsp;&nbsp;&nbsp;&nbsp;&nbsp;&nbsp;&nbsp;&nbsp;&nbsp;&nbsp;&nbsp;&nbsp;&nbsp;&nbsp;&nbsp;&nbsp;&nbsp;&nbsp;&nbsp;&nbsp;&nbsp;&nbsp;&nbsp;&nbsp;&nbsp;&nbsp;&nbsp;&nbsp;&nbsp;&nbsp;&nbsp;&nbsp;&nbsp;&nbsp;&nbsp;他们一起进入梦乡&nbsp;</span></p><p style=\"margin: 0px; padding: 0px; max-width: 100%; box-sizing: border-box !important; word-wrap: break-word !important; text-align: center; clear: none; letter-spacing: 4px; line-height: 2em;\"><span style=\"color: rgba(0, 0, 0, 0.74); font-family: Optima-Regular, PingFangTC-light; letter-spacing: 1px;\"><br/></span></p><p style=\"margin: 0px; padding: 0px; max-width: 100%; clear: none; letter-spacing: 4px; line-height: 2em; box-sizing: border-box !important; overflow-wrap: break-word !important;\"><span style=\"color: rgba(0, 0, 0, 0.74); font-family: Optima-Regular, PingFangTC-light; letter-spacing: 1px;\">&nbsp;&nbsp;&nbsp;&nbsp;&nbsp;&nbsp;&nbsp;&nbsp;&nbsp;&nbsp;&nbsp;&nbsp;&nbsp;&nbsp;&nbsp;&nbsp;&nbsp;&nbsp;&nbsp;&nbsp;&nbsp;&nbsp;&nbsp;&nbsp;&nbsp;&nbsp;&nbsp;&nbsp;&nbsp;&nbsp;&nbsp;&nbsp;&nbsp;&nbsp;&nbsp;&nbsp;&nbsp;&nbsp;&nbsp;&nbsp;&nbsp; 夜色周庄是一张舒适的大床</span></p><p style=\"margin: 0px; padding: 0px; max-width: 100%; clear: none; letter-spacing: 4px; line-height: 2em; box-sizing: border-box !important; overflow-wrap: break-word !important;\"><span style=\"color: rgba(0, 0, 0, 0.74); font-family: Optima-Regular, PingFangTC-light; letter-spacing: 1px; text-align: center;\">&nbsp;&nbsp;&nbsp;&nbsp;&nbsp;&nbsp;&nbsp;&nbsp;&nbsp;&nbsp;&nbsp;&nbsp;&nbsp;&nbsp;&nbsp;&nbsp;&nbsp;&nbsp;&nbsp;&nbsp;&nbsp;&nbsp;&nbsp;&nbsp;&nbsp;&nbsp;&nbsp;&nbsp;&nbsp;&nbsp;&nbsp;&nbsp;&nbsp;&nbsp;&nbsp;&nbsp;&nbsp;&nbsp;&nbsp;&nbsp;&nbsp;&nbsp;&nbsp;&nbsp;&nbsp;&nbsp;&nbsp;&nbsp;&nbsp;&nbsp;我拽了拽被子</span></p><p style=\"margin: 0px; padding: 0px; max-width: 100%; clear: none; letter-spacing: 4px; line-height: 2em; box-sizing: border-box !important; overflow-wrap: break-word !important;\"><span style=\"color: rgba(0, 0, 0, 0.74); font-family: Optima-Regular, PingFangTC-light; letter-spacing: 1px; text-align: center;\">&nbsp;&nbsp;&nbsp;&nbsp;&nbsp;&nbsp;&nbsp;&nbsp;&nbsp;&nbsp;&nbsp;&nbsp;&nbsp;&nbsp;&nbsp;&nbsp;&nbsp;&nbsp;&nbsp;&nbsp;&nbsp;&nbsp;&nbsp;&nbsp;&nbsp;&nbsp;&nbsp;&nbsp;&nbsp;&nbsp;&nbsp;&nbsp;&nbsp;&nbsp;&nbsp;&nbsp;&nbsp;&nbsp;&nbsp;&nbsp;&nbsp;&nbsp;&nbsp;&nbsp;&nbsp;&nbsp;&nbsp;&nbsp;挪向妈妈的怀里&nbsp;</span></p><br/><p><span style=\"color: rgb(178, 178, 178); font-size: 12px; letter-spacing: 0.5px; text-align: right;\">&nbsp; &nbsp; &nbsp; &nbsp; &nbsp; &nbsp; &nbsp; &nbsp; &nbsp; &nbsp; &nbsp; &nbsp; &nbsp; &nbsp;&nbsp;&nbsp;&nbsp; &nbsp; &nbsp; &nbsp; &nbsp; &nbsp; &nbsp; &nbsp; &nbsp; &nbsp; &nbsp; &nbsp; &nbsp; &nbsp; &nbsp; &nbsp; &nbsp; &nbsp; &nbsp; &nbsp; &nbsp; &nbsp; &nbsp; &nbsp; &nbsp; &nbsp; &nbsp; &nbsp; &nbsp; &nbsp; &nbsp; &nbsp; &nbsp; &nbsp; &nbsp; &nbsp; &nbsp; &nbsp; &nbsp; &nbsp; &nbsp; &nbsp; &nbsp; &nbsp; &nbsp; &nbsp; &nbsp; &nbsp;摘自谷雨乔《夜色周庄》</span></p><p>&nbsp; &nbsp; &nbsp; &nbsp; &nbsp; &nbsp; &nbsp; &nbsp; &nbsp; &nbsp; &nbsp; &nbsp; &nbsp; &nbsp; &nbsp; &nbsp; &nbsp; &nbsp;&nbsp;<img class=\" __bg_gif\" data-src=\"https://mmbiz.qpic.cn/mmbiz_gif/b1G50a44xOnGP1UG3l2iahM3LCQO1YDvchWNPUcwjxc2duEWBr4nFJn9sVXE1w8XPcn0E2E40tiauxA53m0CliaGQ/640?wx_fmt=gif\" data-type=\"gif\" data-ratio=\"0.16615384615384615\" data-w=\"325\" _width=\"325px\" src=\"https://mmbiz.qpic.cn/mmbiz_gif/b1G50a44xOnGP1UG3l2iahM3LCQO1YDvchWNPUcwjxc2duEWBr4nFJn9sVXE1w8XPcn0E2E40tiauxA53m0CliaGQ/640?wx_fmt=gif&tp=webp&wxfrom=5&wx_lazy=1\" data-order=\"1\" data-fail=\"0\" style=\"font-size: 17px; letter-spacing: 0.544px; margin: 0px; padding: 0px; max-width: 100%; vertical-align: middle; box-sizing: border-box !important; overflow-wrap: break-word !important; height: auto !important; width: 325px !important; visibility: visible !important;\"/></p><p><img src=\"/ueditor/php/upload/image/20191206/1575618632486259.gif\" title=\"1575618632486259.gif\" alt=\"6401.gif\"/></p><p>&nbsp; &nbsp; &nbsp; &nbsp; &nbsp; &nbsp; &nbsp; &nbsp; &nbsp; &nbsp; &nbsp; &nbsp; &nbsp; &nbsp; &nbsp; &nbsp; &nbsp; &nbsp; &nbsp; &nbsp; &nbsp; &nbsp; &nbsp; &nbsp; &nbsp; &nbsp;&nbsp;<strong style=\"font-size: 16px; color: rgb(93, 101, 203); letter-spacing: 1px; text-align: center; margin: 0px; padding: 0px; max-width: 100%; box-sizing: border-box !important; overflow-wrap: break-word !important;\">穿越时光年代秀</strong></p><p><strong style=\"font-size: 16px; color: rgb(93, 101, 203); letter-spacing: 1px; text-align: center; margin: 0px; padding: 0px; max-width: 100%; box-sizing: border-box !important; overflow-wrap: break-word !important;\"><br/></strong></p></section></section></section></section></section><section style=\"margin: 0px; padding: 0px; max-width: 100%; color: rgb(51, 51, 51); font-family: -apple-system-font, BlinkMacSystemFont, &quot;Helvetica Neue&quot;, &quot;PingFang SC&quot;, &quot;Hiragino Sans GB&quot;, &quot;Microsoft YaHei UI&quot;, &quot;Microsoft YaHei&quot;, Arial, sans-serif; font-size: 17px; letter-spacing: 0.544px; text-align: justify; white-space: normal; background-color: rgb(255, 255, 255); line-height: 2em; box-sizing: border-box !important; overflow-wrap: break-word !important;\"><span style=\"margin: 0px; padding: 0px; max-width: 100%; box-sizing: border-box !important; word-wrap: break-word !important; font-family: Optima-Regular, PingFangTC-light; font-size: 14px; letter-spacing: 1px;\">从城市的喧嚣中抽离，到<strong style=\"margin: 0px; padding: 0px; max-width: 100%; box-sizing: border-box !important; word-wrap: break-word !important;\">香村</strong>与朴素的田野为邻，彻底舒展疲惫的身心，享受归园田居的生活。在<strong style=\"margin: 0px; padding: 0px; max-width: 100%; box-sizing: border-box !important; word-wrap: break-word !important;\">祁庄</strong>，时代在此定格，不同的院落，定格在不同的年代。</span></section><p><img src=\"/ueditor/php/upload/image/20191206/1575619111137934.jpg\" style=\"width: 700px; height: 467px;\" title=\"1575619111137934.jpg\" width=\"700\" height=\"467\" border=\"0\" vspace=\"0\" alt=\"1575619111137934.jpg\"/></p><p><img src=\"/ueditor/php/upload/image/20191206/1575619111120781.jpg\" style=\"width: 700px; height: 467px;\" title=\"1575619111120781.jpg\" width=\"700\" height=\"467\" border=\"0\" vspace=\"0\" alt=\"1575619111120781.jpg\"/></p><p><br/></p><p><span style=\"color: rgb(51, 51, 51); font-family: Optima-Regular, PingFangTC-light; font-size: 14px; letter-spacing: 1px; text-align: justify; background-color: rgb(255, 255, 255);\">各栋乡宿装饰风格分别对应上世纪</span><strong style=\"margin: 0px; padding: 0px; max-width: 100%; color: rgb(51, 51, 51); font-family: Optima-Regular, PingFangTC-light; font-size: 14px; letter-spacing: 1px; text-align: justify; white-space: normal; background-color: rgb(255, 255, 255); box-sizing: border-box !important; overflow-wrap: break-word !important;\">60、70、80、90和二十一世纪00年代</strong><span style=\"color: rgb(51, 51, 51); font-family: Optima-Regular, PingFangTC-light; font-size: 14px; letter-spacing: 1px; text-align: justify; background-color: rgb(255, 255, 255);\">的情怀，家具、摆设舒张有度，特色鲜明，各种装饰细节烙印着年代的印记，却又被现代设计的语言诠释得温暖舒心。更有全新科技智能</span><strong style=\"margin: 0px; padding: 0px; max-width: 100%; color: rgb(51, 51, 51); font-family: Optima-Regular, PingFangTC-light; font-size: 14px; letter-spacing: 1px; text-align: justify; white-space: normal; background-color: rgb(255, 255, 255); box-sizing: border-box !important; overflow-wrap: break-word !important;\">未来屋</strong><span style=\"color: rgb(51, 51, 51); font-family: Optima-Regular, PingFangTC-light; font-size: 14px; letter-spacing: 1px; text-align: justify; background-color: rgb(255, 255, 255);\">智慧民宿，打造黑与白的和谐，光与影的治愈。</span></p><p><br/></p><p><img src=\"/ueditor/php/upload/image/20191206/1575619174122059.jpg\" style=\"width: 700px; height: 467px;\" title=\"1575619174122059.jpg\" width=\"700\" height=\"467\" border=\"0\" vspace=\"0\" alt=\"1575619174122059.jpg\"/></p><p><img src=\"/ueditor/php/upload/image/20191206/1575619174997777.jpg\" style=\"width: 700px; height: 467px;\" title=\"1575619174997777.jpg\" width=\"700\" height=\"467\" border=\"0\" vspace=\"0\" alt=\"1575619174997777.jpg\"/></p><p><br/></p><p><strong style=\"margin: 0px; padding: 0px; max-width: 100%; color: rgb(51, 51, 51); font-family: -apple-system-font, BlinkMacSystemFont, &quot;Helvetica Neue&quot;, &quot;PingFang SC&quot;, &quot;Hiragino Sans GB&quot;, &quot;Microsoft YaHei UI&quot;, &quot;Microsoft YaHei&quot;, Arial, sans-serif; font-size: 17px; letter-spacing: 0.544px; text-align: justify; white-space: normal; background-color: rgb(255, 255, 255); box-sizing: border-box !important; overflow-wrap: break-word !important;\"><span style=\"margin: 0px; padding: 0px; max-width: 100%; box-sizing: border-box !important; word-wrap: break-word !important; font-size: 14px; font-family: Optima-Regular, PingFangTC-light; letter-spacing: 1px;\">年代秀&amp;未来屋</span></strong><span style=\"margin: 0px; padding: 0px; max-width: 100%; color: rgb(51, 51, 51); text-align: justify; background-color: rgb(255, 255, 255); font-size: 14px; font-family: Optima-Regular, PingFangTC-light; letter-spacing: 1px; box-sizing: border-box !important; overflow-wrap: break-word !important;\">，每一栋都是一台时光机器，带你体会不同年代的不同风情，重拾那份遗失的美好，品味那股恬淡而温馨的乡愁，释放心底的尘埃。</span></p><p><br/></p><p>&nbsp;&nbsp;&nbsp;&nbsp;&nbsp;&nbsp;&nbsp;&nbsp;&nbsp;&nbsp;&nbsp;&nbsp;&nbsp;&nbsp;&nbsp;&nbsp;&nbsp;&nbsp;&nbsp;&nbsp;&nbsp;&nbsp;&nbsp;&nbsp;&nbsp;&nbsp;&nbsp;&nbsp;&nbsp;&nbsp;&nbsp;&nbsp;&nbsp;&nbsp;&nbsp;&nbsp;&nbsp;&nbsp;&nbsp;&nbsp;&nbsp;&nbsp;&nbsp;&nbsp;&nbsp;&nbsp;&nbsp;&nbsp;&nbsp;&nbsp;&nbsp;&nbsp;&nbsp;&nbsp;&nbsp;&nbsp;<img src=\"/ueditor/php/upload/image/20191206/1575619221603219.gif\" title=\"1575619221603219.gif\" alt=\"640.gif\"/></p>', '周庄旅游', '1575619226', '1');
INSERT INTO `zz_auth` VALUES ('101', '资讯管理', '0', '', '', '', '101', '1575530927');
INSERT INTO `zz_auth` VALUES ('102', '新闻管理', '101', 'admin', 'Article', 'lst', '101,102', '1575530947');
INSERT INTO `zz_auth` VALUES ('103', '增加资讯', '102', 'admin', 'Article', 'add', '101,102,103', '1575530978');
INSERT INTO `zz_auth` VALUES ('104', '修改资讯', '102', 'admin', 'Article', 'edit', '101,102,104', '1575531002');
INSERT INTO `zz_auth` VALUES ('105', '删除资讯', '102', 'admin', 'Article', 'del', '101,102,105', '1575531021');
INSERT INTO `zz_auth` VALUES ('106', '发布资讯', '102', 'admin', 'Article', 'start', '101,102,106', '1575531056');
INSERT INTO `zz_auth` VALUES ('107', '下架资讯', '102', 'admin', 'Article', 'stop', '101,102,107', '1575531097');
INSERT INTO `zz_auth` VALUES ('108', '产品管理', '0', '', '', '', '108', '1575531122');
INSERT INTO `zz_auth` VALUES ('109', '门票管理', '108', 'admin', 'Product', 'lst', '108,109', '1575531249');
INSERT INTO `zz_auth` VALUES ('110', '添加产品', '109', 'admin', 'Product', 'add', '108,109,110', '1575531281');
INSERT INTO `zz_auth` VALUES ('111', '编辑产品', '109', 'admin', 'Product', 'edit', '108,109,111', '1575531316');
INSERT INTO `zz_auth` VALUES ('112', '删除产品', '109', 'admin', 'Product', 'del', '108,109,112', '1575531335');
INSERT INTO `zz_auth` VALUES ('113', '发布产品', '109', 'admin', 'Product', 'start', '108,109,113', '1575531366');
INSERT INTO `zz_auth` VALUES ('114', '下架产品', '109', 'admin', 'Product', 'stop', '108,109,114', '1575531388');
INSERT INTO `zz_auth` VALUES ('115', '订单列表', '108', 'admin', 'Order', 'lst', '108,115', '1575531551');
INSERT INTO `zz_auth` VALUES ('116', '删除订单', '115', 'admin', 'Order', 'del', '108,115,116', '1575531574');
INSERT INTO `zz_auth` VALUES ('117', '会员管理', '0', '', '', '', '117', '1575531614');
INSERT INTO `zz_auth` VALUES ('118', '会员列表', '117', 'admin', 'User', 'lst', '117,118', '1575531787');
INSERT INTO `zz_auth` VALUES ('119', '启用会员', '118', 'admin', 'User', 'start', '117,118,119', '1575535213');
INSERT INTO `zz_auth` VALUES ('120', '停用会员', '118', 'admin', 'User', 'stop', '117,118,120', '1575535231');
INSERT INTO `zz_auth` VALUES ('121', '删除会员', '118', 'admin', 'User', 'del', '117,118,121', '1575535265');
INSERT INTO `zz_auth` VALUES ('122', '管理员管理', '0', '', '', '', '122', '1575535298');
INSERT INTO `zz_auth` VALUES ('123', '角色管理', '122', 'admin', 'Role', 'lst', '122,123', '1575535365');
INSERT INTO `zz_auth` VALUES ('124', '添加角色', '123', 'admin', 'Role', 'add', '122,123,124', '1575535412');
INSERT INTO `zz_auth` VALUES ('125', '修改角色', '123', 'admin', 'Role', 'edit', '122,123,125', '1575535447');
INSERT INTO `zz_auth` VALUES ('126', '删除角色', '123', 'admin', 'Role', 'del', '122,123,126', '1575535464');
INSERT INTO `zz_auth` VALUES ('127', '权限管理', '122', 'admin', 'Auth', 'lst', '122,127', '1575535500');
INSERT INTO `zz_auth` VALUES ('128', '添加权限', '127', 'admin', 'Auth', 'add', '122,127,128', '1575535538');
INSERT INTO `zz_auth` VALUES ('129', '修改权限', '127', 'admin', 'Auth', 'edit', '122,127,129', '1575535574');
INSERT INTO `zz_auth` VALUES ('130', '删除权限', '127', 'admin', 'Auth', 'del', '122,127,130', '1575535587');
INSERT INTO `zz_auth` VALUES ('131', '管理员列表', '122', 'admin', 'Admin', 'lst', '122,131', '1575535628');
INSERT INTO `zz_auth` VALUES ('132', '添加管理员', '131', 'admin', 'Admin', 'add', '122,131,132', '1575535649');
INSERT INTO `zz_auth` VALUES ('133', '修改管理员', '131', 'admin', 'Admin', 'edit', '122,131,133', '1575535670');
INSERT INTO `zz_auth` VALUES ('134', '删除管理员', '131', 'admin', 'Admin', 'del', '122,131,134', '1575535690');
INSERT INTO `zz_auth` VALUES ('135', '启用管理员', '131', 'admin', 'Admin', 'start', '122,131,135', '1575535707');
INSERT INTO `zz_auth` VALUES ('136', '停用管理员', '131', 'admin', 'Admin', 'stop', '122,131,136', '1575535730');
INSERT INTO `zz_order` VALUES ('1', 'bt2019120624760', '2020-01-15', '2', '108', '颜靖', '15880315600', '350629200002280512', '我是新增的订单1', '00000000000000000216', 'admin', '1575620567', '周庄-大门票+沈厅小吃券');
INSERT INTO `zz_order` VALUES ('2', 'bt2019120613073', '2019-12-21', '1', '88', '范伟鑫', '15880315600', '35035419980321150X', '', '00000000000000000088', 'admin', '1575620644', '周庄-大门票');
INSERT INTO `zz_order` VALUES ('3', 'bt2019120639583', '2020-01-21', '7', '138', '陈智超', '15880315600', '350629199906215530', '我们一起玩！', '00000000000000000966', 'zhou', '1575620692', '周庄-大门票+环镇水上游');
INSERT INTO `zz_product` VALUES ('1', '周庄-大门票', '张厅，沈厅，澄虚道院、迷楼、叶楚伧故居、周庄博物馆、古戏台、纸箱王创意园区、南湖秋月园、阮仪三工作室、逸飞之家、财神居（沈万三故居）、天孝德民间收藏馆13个景点，以景区实际景点为准。', '88', '1', '/uploads/20191206/3359e4b81b24005702eb005c02edf9a3.jpg', '1575619424');
INSERT INTO `zz_product` VALUES ('2', '周庄-大门票+环镇水上游', '特色画舫船 单程游船票套餐', '138', '1', '/uploads/20191206/6bb6c43e8cfa557b1c0c315205899bc1.jpg', '1575619472');
INSERT INTO `zz_product` VALUES ('3', '周庄-大门票+四季周庄演出票', '经过七个月的热档，2019年286场《四季周庄》水乡实景演出已于11月20日完美结演。', '180', '2', '/uploads/20191206/61e1893f1fad9fcb9c57b30ae8114099.jpg', '1575619595');
INSERT INTO `zz_product` VALUES ('4', '周庄-大门票+沈厅小吃券', '沈厅酒家30元餐券联票 周庄古镇', '108', '1', '/uploads/20191206/6e467b736866ff868a969c7e2c237ebf.png', '1575619624');
INSERT INTO `zz_role` VALUES ('1', '超级管理员', '1575616964');
INSERT INTO `zz_role` VALUES ('2', '经理', '1575616971');
INSERT INTO `zz_role` VALUES ('3', '员工', '1575616981');
INSERT INTO `zz_role_auth` VALUES ('1', '101');
INSERT INTO `zz_role_auth` VALUES ('1', '102');
INSERT INTO `zz_role_auth` VALUES ('1', '103');
INSERT INTO `zz_role_auth` VALUES ('1', '104');
INSERT INTO `zz_role_auth` VALUES ('1', '105');
INSERT INTO `zz_role_auth` VALUES ('1', '106');
INSERT INTO `zz_role_auth` VALUES ('1', '107');
INSERT INTO `zz_role_auth` VALUES ('1', '108');
INSERT INTO `zz_role_auth` VALUES ('1', '109');
INSERT INTO `zz_role_auth` VALUES ('1', '110');
INSERT INTO `zz_role_auth` VALUES ('1', '111');
INSERT INTO `zz_role_auth` VALUES ('1', '112');
INSERT INTO `zz_role_auth` VALUES ('1', '113');
INSERT INTO `zz_role_auth` VALUES ('1', '114');
INSERT INTO `zz_role_auth` VALUES ('1', '115');
INSERT INTO `zz_role_auth` VALUES ('1', '116');
INSERT INTO `zz_role_auth` VALUES ('1', '117');
INSERT INTO `zz_role_auth` VALUES ('1', '118');
INSERT INTO `zz_role_auth` VALUES ('1', '119');
INSERT INTO `zz_role_auth` VALUES ('1', '120');
INSERT INTO `zz_role_auth` VALUES ('1', '121');
INSERT INTO `zz_role_auth` VALUES ('1', '122');
INSERT INTO `zz_role_auth` VALUES ('1', '123');
INSERT INTO `zz_role_auth` VALUES ('1', '124');
INSERT INTO `zz_role_auth` VALUES ('1', '125');
INSERT INTO `zz_role_auth` VALUES ('1', '126');
INSERT INTO `zz_role_auth` VALUES ('1', '127');
INSERT INTO `zz_role_auth` VALUES ('1', '128');
INSERT INTO `zz_role_auth` VALUES ('1', '129');
INSERT INTO `zz_role_auth` VALUES ('1', '130');
INSERT INTO `zz_role_auth` VALUES ('1', '131');
INSERT INTO `zz_role_auth` VALUES ('1', '132');
INSERT INTO `zz_role_auth` VALUES ('1', '133');
INSERT INTO `zz_role_auth` VALUES ('1', '134');
INSERT INTO `zz_role_auth` VALUES ('1', '135');
INSERT INTO `zz_role_auth` VALUES ('1', '136');
INSERT INTO `zz_role_auth` VALUES ('2', '101');
INSERT INTO `zz_role_auth` VALUES ('2', '102');
INSERT INTO `zz_role_auth` VALUES ('2', '103');
INSERT INTO `zz_role_auth` VALUES ('2', '104');
INSERT INTO `zz_role_auth` VALUES ('2', '105');
INSERT INTO `zz_role_auth` VALUES ('2', '106');
INSERT INTO `zz_role_auth` VALUES ('2', '107');
INSERT INTO `zz_role_auth` VALUES ('2', '108');
INSERT INTO `zz_role_auth` VALUES ('2', '109');
INSERT INTO `zz_role_auth` VALUES ('2', '110');
INSERT INTO `zz_role_auth` VALUES ('2', '111');
INSERT INTO `zz_role_auth` VALUES ('2', '112');
INSERT INTO `zz_role_auth` VALUES ('2', '113');
INSERT INTO `zz_role_auth` VALUES ('2', '114');
INSERT INTO `zz_role_auth` VALUES ('2', '115');
INSERT INTO `zz_role_auth` VALUES ('2', '116');
INSERT INTO `zz_role_auth` VALUES ('2', '117');
INSERT INTO `zz_role_auth` VALUES ('2', '118');
INSERT INTO `zz_role_auth` VALUES ('2', '119');
INSERT INTO `zz_role_auth` VALUES ('2', '120');
INSERT INTO `zz_role_auth` VALUES ('2', '121');
INSERT INTO `zz_role_auth` VALUES ('3', '108');
INSERT INTO `zz_role_auth` VALUES ('3', '115');
INSERT INTO `zz_role_auth` VALUES ('3', '116');
INSERT INTO `zz_role_auth` VALUES ('3', '117');
INSERT INTO `zz_role_auth` VALUES ('3', '118');
INSERT INTO `zz_role_auth` VALUES ('3', '119');
INSERT INTO `zz_role_auth` VALUES ('3', '120');
INSERT INTO `zz_role_auth` VALUES ('3', '121');
INSERT INTO `zz_user` VALUES ('1', 'admin', '5568301eeef32f59a1a1735b8ceaf174', '81183587@qq.com', '1575620471', '1');
INSERT INTO `zz_user` VALUES ('2', 'zhou', '5568301eeef32f59a1a1735b8ceaf174', '862445449@qq.com', '1575620486', '1');
